First Name,Last Name,Last Login,Total Logins,IP Address List
Tildy,Clarke-Williams,11/26/2018,202,10.15.27.116;172.31.3.30;10.15.8.239;172.31.3.211
Amitie,Amos,11/7/2018,212,172.31.3.7;172.31.4.90
Pamella,Trenholme,11/18/2018,297,10.205.8.234
Lexi,Greatrex,11/13/2018,249,172.31.4.85;172.31.4.125;172.31.3.8;172.31.4.97;172.31.4.85
Karla,Caddie,11/1/2018,229,10.206.0.152
Elberta,Caze,11/18/2018,167,10.2.48.161;172.31.4.76
Celestine,D'Cruze,12/5/2018,110,172.31.3.3;10.2.49.171;10.205.12.162
Jacklyn,Stuchberry,11/25/2018,268,172.31.4.113;172.31.4.102;172.31.4.80;172.31.4.78;10.206.3.231
Timmy,Morrice,11/24/2018,244,172.31.4.99;10.205.8.191
Cynthie,Syers,11/7/2018,113,172.31.4.90;172.31.4.96;10.2.48.136;172.31.4.56
Nerta,Sweeny,11/20/2018,166,10.205.7.159;10.2.48.133;10.15.8.178;10.2.48.40
Woodman,Camber,12/1/2018,145,172.31.3.14;172.31.4.97;172.31.3.249;172.31.4.79;10.2.49.152;172.31.4.51
Barbie,McCullen,11/16/2018,284,10.2.49.123
Agnola,Bucktrout,11/21/2018,251,10.2.48.40;10.2.50.82;172.31.3.197
Elnore,Navan,11/29/2018,106,10.2.48.119;10.2.49.200
Calida,Hinken,12/7/2018,124,10.2.49.81
Susanne,Delouch,12/6/2018,182,10.2.48.206
Sharia,MacSkeagan,11/8/2018,275,10.2.49.191;10.205.8.105
Tobey,Oneil,11/17/2018,189,172.31.3.10;172.31.4.83;10.205.1.145;172.31.3.209;172.31.3.224;172.31.4.37;172.31.3.214;172.31.3.195;172.31.3.10;172.31.4.83
Dolley,Simond,12/1/2018,145,172.31.4.98;10.2.48.91;10.205.9.93
Alwyn,Tieman,11/9/2018,117,172.31.3.19;10.2.49.185;10.205.9.239;172.31.4.56;172.31.3.209;172.31.3.189
Franciska,Greeves,12/6/2018,227,172.31.4.100
Cari,Barbisch,11/7/2018,105,10.15.9.6;10.2.48.206;10.205.20.113;10.2.49.170
Bernie,Thorpe,11/5/2018,210,10.2.49.132;10.2.49.196;10.2.49.168;10.2.49.189
Pascal,Cambell,11/12/2018,174,10.2.48.152
Vernice,Heyburn,11/16/2018,118,10.2.48.61
Felecia,Treuge,11/26/2018,155,10.2.49.131
Roma,Thewles,11/5/2018,108,10.2.48.40
Sharla,Beaves,11/15/2018,230,10.2.49.133
Enrique,Wanjek,12/1/2018,132,10.2.49.136
Nonnah,Gilstin,12/8/2018,150,10.2.48.120
Sadie,Sjostrom,12/8/2018,240,10.15.9.29;10.2.48.157
Dalton,Carthew,12/6/2018,102,10.2.49.172
Brianna,Eake,11/26/2018,160,10.2.48.136;172.31.3.222
Arabela,Norville,11/29/2018,283,172.31.4.77;10.205.7.150
Justino,Miguet,11/29/2018,245,10.2.49.152;10.2.49.175
Zilvia,Srutton,12/6/2018,294,10.15.9.46
Turner,de Clercq,11/3/2018,282,10.205.9.223;10.2.48.121
Joyous,McInnerny,11/5/2018,133,10.2.49.189;172.31.3.231;172.31.4.68;172.31.4.43;172.31.3.200;172.31.4.54
Portie,Tweedy,11/26/2018,214,10.2.49.187;172.31.3.220;172.31.3.210
Doroteya,Brosius,11/4/2018,114,10.2.48.124;172.31.4.55
Theresita,Westpfel,11/20/2018,196,10.2.49.190;172.31.4.52;172.31.4.251;172.31.4.40
Monte,Gutans,12/3/2018,230,10.2.48.156
Gasper,Denny,11/6/2018,214,10.206.4.55
Mylo,Berrow,12/7/2018,281,10.2.49.196
Lorrie,Rubanenko,11/21/2018,154,172.31.3.191
Boonie,Channing,12/6/2018,107,10.2.49.143;172.31.3.73
Binni,Lorinez,12/10/2018,182,10.2.49.170;10.2.49.151
Nicolina,Coult,11/7/2018,178,10.2.49.169
Sully,Hehnke,11/4/2018,267,10.2.48.157;172.31.3.151;172.31.3.167;10.2.49.171;172.31.4.20;172.31.3.102;172.31.3.50;172.31.3.78;172.31.3.102
